{"cameraMode":{"drawMode":0,"name":"Shaded","section":"Shading Mode"},"sceneLighting":true,"audioPlay":false,"sceneViewState":{"m_AlwaysRefresh":false,"showFog":true,"showSkybox":true,"showFlares":true,"showImageEffects":true,"showParticleSystems":true,"showVisualEffectGraphs":true,"m_FxEnabled":true},"in2DMode":false,"pivot":{"x":0.8548887372016907,"y":1.668746829032898,"z":-4.770356178283691},"rotation":{"x":-0.07391320168972016,"y":-0.11625779420137406,"z":0.008453412912786007,"w":-0.990577220916748},"size":0.2521625757217407,"orthographic":false}